entity,entity_type,description
Deepwater Horizon film,Movie,Deepwater Horizon is a 2016 disaster film depicting the 2010 Deepwater Horizon oil spill in the Gulf of Mexico and the heroic actions of those on board.
Guardians of the Galaxy film,Movie,"Guardians of the Galaxy is a 2014 American superhero film based on the Marvel Comics team of the same name, featuring a group of intergalactic outlaws."
Divergent film,Movie,"Divergent is a 2014 science fiction action film set in a dystopian Chicago, known for its factions and the protagonist's divergence."
Boyhood film,Movie,"Boyhood is a 2014 coming-of-age drama filmed over 12 years with the same cast, chronicling a boy's life from childhood to adolescence in Texas."
Batman v Superman Dawn of Justice,Movie,"Batman v Superman: Dawn of Justice is a 2016 superhero film pitting Batman against Superman, leading to the formation of the Justice League."
The Fault in Our Stars film,Movie,"The Fault in Our Stars is a 2014 American romantic drama film based on the novel of the same name, depicting a teenage cancer patient's journey."
Under the Skin 2013 film,Movie,Under the Skin is a 2013 science fiction film starring Scarlett Johansson as an alien who preys on men in Scotland.
Godzilla 2014 film,Movie,"Godzilla (2014) is a monster film featuring the iconic giant lizard battling ancient creatures, directed by Gareth Edwards and released in the United States."
22 Jump Street,Movie,"22 Jump Street is a 2014 American action comedy film, a sequel to 21 Jump Street, following undercover police officers infiltrating a college."
The Wolf of Wall Street 2013 film,Movie,"""The Wolf of Wall Street"" is a 2013 biographical crime film directed by Martin Scorsese, depicting the rise and fall of stockbroker Jordan Belfort and his firm, Stratton Oakmont."
Need for Speed film,Movie,Need for Speed is a 2014 action film about a street racer who enters a cross-country race to avenge his friend's death.
Begin Again film,Movie,Begin Again is a 2013 American musical comedy-drama film about a heartbroken songwriter and a disgraced record executive who collaborate in New York City.
The Other Woman 2014 film,Movie,"""The Other Woman"" is a 2014 American romantic comedy film about a woman who discovers her boyfriend is married and teams up with his wife to get revenge."
Tammy film,Movie,Tammy is a 2014 American comedy film starring Melissa McCarthy as a woman who loses her job and embarks on a road trip with her grandmother.
Gravity film,Movie,"Gravity is a 2013 science fiction thriller film starring Sandra Bullock and George Clooney, depicting astronauts struggling to survive after their shuttle is destroyed in orbit."
Get on Up 28film29,Movie,"*Get on Up* is a 2014 biographical musical drama film about the life of singer James Brown, starring Chadwick Boseman and directed by Tate Taylor."
The Transporter Refueled,Movie,"*The Transporter Refueled* is a 2015 action film set in France, rebooting the *Transporter* series with a new actor as Frank Martin, a driver for hire."
Aaliyah The Princess of R26B,Movie,"""Aaliyah The Princess of R26B"" is a science fiction film about a princess from a distant planet, known for its advanced technology and unique culture."
Magic in the Moonlight,Movie,"Magic in the Moonlight is a 2014 romantic comedy film written and directed by Woody Allen, set in the French Riviera, about a magician trying to debunk a spiritualist."
The Giver 28film29,Movie,"""The Giver"" is a 2014 dystopian science fiction film based on the novel, starring Jeff Bridges and Meryl Streep, about a seemingly utopian society."
Into the Forest,Movie,"""Into the Forest"" is a 2015 Canadian drama film about two sisters surviving in a remote forest after a widespread power outage."
Guardians of the Galaxy 28film29,Movie,Guardians of the Galaxy is a 2014 American superhero film based on the Marvel Comics superhero team of the same name.
The Single Moms Club,Movie,"*The Single Moms Club* is a 2014 comedy-drama film following a group of single mothers who form a support group, navigating life's challenges together."
The House of Magic,Movie,The House of Magic is a 2013 animated family film about a young cat seeking refuge in a mansion owned by an elderly magician.
XMen The Last Stand,Movie,"X-Men: The Last Stand is a 2006 superhero film, the third in the X-Men film series, focusing on the mutant cure and the Dark Phoenix Saga."
Ricki and the Flash,Movie,Ricki and the Flash is a 2015 American musical comedy-drama film about a woman who gets a chance to reconnect with her family by returning home.
The Last Airbender,Movie,"The Last Airbender is a 2010 action-fantasy film directed by M. Night Shyamalan, based on the Nickelodeon animated television series Avatar: The Last Airbender."
We Are Your Friends 28film29,Movie,We Are Your Friends is a 2015 drama film following a young DJ in Hollywood as he navigates the electronic music scene and relationships.
Teenage Mutant Ninja Turtles 282014 film29,Movie,Teenage Mutant Ninja Turtles (2014) is a live-action/CGI superhero film based on the comic book about four mutated turtles who fight crime in New York City.
The New Adventures of Snow White,Movie,"""The New Adventures of Snow White"" is a 1969 West German-Italian family musical film, retelling the classic fairy tale with a comedic twist."
Jigarthanda,Movie,"Jigarthanda is a 2014 Indian Tamil-language action comedy film directed by Karthik Subbaraj, known for its unique plot and performances."
Boyhood 28film29,Movie,"Boyhood is a 2014 coming-of-age drama film, uniquely filmed over 12 years with the same actors to depict a boy's life from childhood to adolescence."
Transformers Age of Extinction,Movie,"Transformers: Age of Extinction is a 2014 science fiction action film, the fourth installment in the Transformers film series, featuring giant robots battling in Earth."
The One I Love 28film29,Movie,"""The One I Love"" is a 2014 romantic comedy-drama film starring Elisabeth Moss and Mark Duplass, exploring a couple's therapy retreat with surreal twists."
Breakaway 282011 film29,Movie,Breakaway is a 2011 Canadian sports-comedy film about an Indo-Canadian man who pursues his dream of playing professional ice hockey.
The Grand Budapest Hotel,Movie,"The Grand Budapest Hotel is a 2014 comedy-drama film directed by Wes Anderson, known for its distinctive visual style and ensemble cast, set in a fictional European hotel."
Dances with Wolves,Movie,"Dances with Wolves is a 1990 American epic Western film primarily starring and directed by Kevin Costner, known for its portrayal of Native American culture."
Getaway 28film29,Movie,"""Getaway"" is a 1994 action thriller film starring Alec Baldwin and Kim Basinger, about a married couple forced to participate in a bank robbery."
Wish I Was Here,Movie,"Wish I Was Here is a 2014 comedy-drama film directed by Zach Braff, starring Braff as a struggling actor who decides to homeschool his children."
The Theory of Everything 282014 film29,Movie,"The Theory of Everything is a 2014 biographical romantic drama film depicting the life of theoretical physicist Stephen Hawking and his relationship with his wife, Jane Wilde."
A Million Ways to Die in the West,Movie,"A Million Ways to Die in the West is a 2014 American Western comedy film directed by Seth MacFarlane, known for its humor and Old West setting."
The Best of Me 28film29,Movie,"""The Best of Me"" is a 2014 romantic drama film based on Nicholas Sparks' novel, telling the story of former high school sweethearts reuniting in their hometown."
12 Years a Slave 28film29,Movie,"*12 Years a Slave* is a 2013 historical drama film based on Solomon Northup's memoir, depicting his experience as a free Black man kidnapped and sold into slavery in the 1840s."
Happy New Year 282014 film29,Movie,"Happy New Year is a 2014 Indian Hindi-language action comedy heist film directed by Farah Khan and starring Shah Rukh Khan, about a team attempting a diamond heist."
The Leftovers novel,Book,"""The Leftovers"" is a 2011 novel by Tom Perrotta that explores the aftermath of a global event where 2% of the world's population mysteriously disappears."
The Great Gatsby,Book,"The Great Gatsby is a 1925 novel by F. Scott Fitzgerald, set in the Jazz Age, exploring themes of wealth, class, and the American Dream through the eyes of narrator Nick Carraway."
If I Stay,Book,"""If I Stay"" is a 2009 young adult novel by Gayle Forman about a teenage girl who falls into a coma after a car accident and must decide whether to live or die."
The 5th Wave 28novel29,Book,"""The 5th Wave"" is a 2013 young adult science fiction novel by Rick Yancey, following Cassie Sullivan as she navigates a post-apocalyptic Earth after alien attacks."
Lolita,Book,Lolita is a 1955 novel by Vladimir Nabokov about a middle-aged literature professor's obsession with a twelve-year-old girl.
The Ice Dragon,Book,"*The Ice Dragon* is a fantasy novella by George R.R. Martin, exploring themes of family and courage in a world with a magical ice-breathing dragon."
Horns 28novel29,Book,"""Horns"" is a 2007 dark fantasy novel by Joe Hill, following Ig Perrish as he investigates his girlfriend's murder while growing horns that compel people to confess sins."
Allegiant 28novel29,Book,"*Allegiant* is the third and final book in the *Divergent* trilogy by Veronica Roth, published in 2013, concluding the dystopian series."
Allegiant novel,Book,"Allegiant is the third book in the Divergent series by Veronica Roth, published in 2013, concluding the dystopian trilogy with Tris Prior's final choices."
Mockingjay,Book,"Mockingjay is the third book in The Hunger Games trilogy by Suzanne Collins, concluding the dystopian saga with Katniss Everdeen leading a rebellion."
The Fault in Our Stars,Book,"The Fault in Our Stars is a young adult novel by John Green, exploring themes of love, loss, and illness through the story of teenage cancer patients."
Outlander 28novel29,Book,"*Outlander* is a historical fantasy novel by Diana Gabaldon, published in 1991, that follows a 20th-century nurse who travels back in time to 18th-century Scotland."
The Sex Lives of Siamese Twins,Book,"""The Sex Lives of Siamese Twins"" is a 2016 novel by Irvine Welsh exploring themes of fitness, obsession, and social media through the lives of two women in Miami."
The Zombie Survival Guide,Book,"""The Zombie Survival Guide"" is a handbook by Max Brooks offering comprehensive advice on surviving a zombie apocalypse, covering topics from weaponry to long-term strategies."
The Death Cure,Book,"*The Death Cure* is the third book in *The Maze Runner* young adult dystopian science fiction series by James Dashner, following Thomas and his friends as they fight WICKED."
A Thousand Splendid Suns,Book,"""A Thousand Splendid Suns"" is a 2007 novel by Khaled Hosseini, set in Afghanistan, that tells the story of two women's intertwined lives amid war and oppression."
And the Mountains Echoed,Book,"And the Mountains Echoed is a 2013 novel by Khaled Hosseini, exploring themes of family, separation, and sacrifice across generations in Afghanistan and beyond."
Stone Mattress,Book,"""Stone Mattress"" is a collection of short stories by Margaret Atwood, published in 2014, exploring themes of aging, memory, and revenge through interconnected narratives."
The Hot Zone,Book,The Hot Zone is a 1994 non-fiction thriller by Richard Preston about the origins and outbreaks of filoviruses like Ebola and Marburg.
Revolting Rhymes,Book,"Revolting Rhymes is a collection of darkly humorous children's poems by Roald Dahl, published in 1982, that retell classic fairy tales with unexpected and macabre twists."
Outliers book,Book,"""Outliers"" is a non-fiction book by Malcolm Gladwell, published in 2008, exploring the factors that contribute to high levels of success, such as innate talent, practice, and opportunity."
Charlie and the Chocolate Factory,Book,"""Charlie and the Chocolate Factory"" is a children's book by Roald Dahl about a poor boy who wins a tour of Willy Wonka's magical chocolate factory."
Things Fall Apart,Book,"*Things Fall Apart* is a novel by Nigerian author Chinua Achebe, published in 1958, depicting pre-colonial life in Nigeria and the arrival of Europeans."
Inferno Brown novel,Book,"Inferno Brown is a 2018 science fiction novel by Nnedi Okorafor, exploring themes of identity, culture, and technology through the experiences of a biracial teenager."
The Martian Weir novel,Book,"""The Martian"" is a science fiction novel by Andy Weir, following an astronaut's struggle for survival on Mars after being presumed dead during a mission."
Fifty Shades of Grey,Book,"Fifty Shades of Grey is a 2011 erotic romance novel by British author E. L. James, known for its explicit content and controversial themes."
All You Need Is Kill,Book,"All You Need Is Kill is a Japanese science fiction light novel by Hiroshi Sakurazaka, following a soldier caught in a time loop during a war against alien invaders."
Planet of the Apes 28novel29,Book,"*Planet of the Apes* is a 1963 science fiction novel by French author Pierre Boulle, exploring themes of human evolution and societal critique through a story of astronauts landing on a planet ruled by intelligent apes."
Under the Skin 28novel29,Book,"*Under the Skin* is a 2000 science fiction novel by Michel Faber, following an alien disguised as a human female who lures men to their doom in Scotland."
The Book Of Strange New Things,Book,"""The Book of Strange New Things"" is a 2014 science fiction novel by Michel Faber about a chaplain who travels to a remote planet to preach to its inhabitants."
The Wolf of Wall Street book,Book,"""The Wolf of Wall Street"" is a memoir by Jordan Belfort, detailing his experiences with stock market manipulation and fraudulent schemes in the 1990s."
Unbroken A World War II Story of Survival,Book,"""Unbroken"" is a non-fiction book by Laura Hillenbrand chronicling the survival of Louis Zamperini, an Olympic runner and WWII bombardier, after a plane crash and imprisonment by the Japanese."
The Best of Me novel,Book,"""The Best of Me"" is a 2011 romance novel by Nicholas Sparks, set in North Carolina, telling the story of former high school sweethearts reunited after many years."
The Bridges of Madison County,Book,The Bridges of Madison County is a 1992 romance novel by Robert James Waller about a photographer and a farmer's wife in 1965 Iowa.
American Sniper book,Book,"American Sniper is a memoir written by Chris Kyle, a former Navy SEAL, detailing his experiences as a sniper during the Iraq War and his life after returning home."
The Lovely Bones,Book,"""The Lovely Bones"" is a 2002 novel by Alice Sebold, narrated by a young girl who observes her family after her murder, exploring themes of grief and healing."
The Hobbit,Book,"The Hobbit is a fantasy novel by J.R.R. Tolkien, published in 1937, that tells the story of Bilbo Baggins' adventure to win a share of treasure guarded by a dragon."
Pride and Prejudice,Book,"Pride and Prejudice is a novel by Jane Austen, published in 1813, that follows the Bennet sisters as they navigate love, class, and society in 19th-century England."
Memoirs of a Geisha,Book,"*Memoirs of a Geisha* is a 1997 historical fiction novel by Arthur Golden, telling the story of a young woman's life as a geisha in Kyoto, Japan, before and after World War II."
A Walk to Remember 28novel29,Book,"""A Walk to Remember"" is a 1999 romance novel by Nicholas Sparks, set in North Carolina, telling the story of a popular boy who falls for a quiet, devout girl."
Gone Girl 28novel29,Book,"""Gone Girl"" is a 2012 psychological thriller novel by Gillian Flynn, known for its unreliable narration and suspenseful plot about a disappearing wife."
Khaled Hosseini,Author,"Khaled Hosseini is an Afghan-American author known for his bestselling novels like ""The Kite Runner"" and ""A Thousand Splendid Suns,"" exploring themes of family and displacement."
J K Rowling,Author,"J.K. Rowling is a British author best known for writing the Harry Potter fantasy series, which has gained worldwide popularity and critical acclaim."
Agatha Christie,Author,"Agatha Christie was a renowned English crime novelist, short story writer, and playwright, best known for her 66 detective novels and 14 short story collections."
Dan Brown,Writer,"Dan Brown is an American author best known for writing thriller novels, including the Robert Langdon series, that often incorporate themes of cryptography, symbology, and conspiracy theories."
George R R Martin,Writer,"George R.R. Martin is an American novelist and short story writer, best known for the epic fantasy novel series, *A Song of Ice and Fire*, which was adapted into the HBO series *Game of Thrones*."
Paula Hawkins author,Writer,"Paula Hawkins is a British author known for writing psychological thriller novels, most notably ""The Girl on the Train"" and ""Into the Water."""
John Green author,Writer,"John Green is an American author known for young adult novels like ""The Fault in Our Stars"" and ""Looking for Alaska,"" exploring themes of love, loss, and identity."
Veronica Roth,Writer,"Veronica Roth is an American novelist known for the *Divergent* trilogy, a dystopian young adult fiction series set in a future Chicago."
E L James,Writer,"E L James is a British author best known for writing the erotic romance novels in the *Fifty Shades of Grey* trilogy, which achieved international success."
Nora Roberts,Writer,"Nora Roberts is a prolific American author known for writing romance and suspense novels, with over 220 books published under her name and J. D. Robb."
Stephen King,Writer,"Stephen King is a prolific American author known for his horror, suspense, and fantasy novels, including ""The Shining,"" ""It,"" and ""Misery,"" selling over 350 million copies."
Jeff Kinney,Writer,"Jeff Kinney is an American author and cartoonist, best known for creating the popular children's book series ""Diary of a Wimpy Kid,"" which has achieved international success."
James Patterson,Writer,"James Patterson is a prolific American author known for his thriller and suspense novels, including the ""Alex Cross"" series, achieving widespread commercial success."
Charles Dickens,Writer,"Charles Dickens was a renowned English novelist of the Victorian era, celebrated for his classic works such as *Oliver Twist* and *A Tale of Two Cities*."
Brad Pitt,Actor,"Brad Pitt is a renowned American actor and producer, known for his roles in films like ""Fight Club"" and ""Once Upon a Time in Hollywood,"" earning numerous awards."
Tom Cruise,Actor,"Tom Cruise is a highly successful American actor and producer known for starring in blockbuster films like ""Mission: Impossible"" and ""Top Gun,"" earning numerous awards and accolades."
Gal Gadot,Actor,"Gal Gadot is an Israeli actress and model, best known for her role as Wonder Woman in the DC Extended Universe films and her advocacy for women's empowerment."
Chris Pine,Actor,"Chris Pine is an American actor known for his roles as Captain Kirk in the ""Star Trek"" reboot film series and Steve Trevor in ""Wonder Woman."""
Robert Downey Jr,Actor,"Robert Downey Jr. is an American actor known for his roles as Iron Man in the Marvel Cinematic Universe and Sherlock Holmes, earning critical acclaim and box office success."
Dwayne Johnson,Actor,"Dwayne ""The Rock"" Johnson is a highly successful American actor, producer, and former professional wrestler known for his charismatic personality and action movie roles."
Leonardo DiCaprio,Actor,"Leonardo DiCaprio is a renowned American actor and producer, known for his roles in films like Titanic, The Wolf of Wall Street, and his environmental activism."
Tom Hanks,Actor,"Tom Hanks is a celebrated American actor known for his versatile performances in films like ""Forrest Gump,"" ""Saving Private Ryan,"" and ""Cast Away,"" earning him multiple Academy Awards."
Justin Trudeau,PrimeMinister,"Justin Trudeau is the current Prime Minister of Canada, known for his progressive policies and international diplomacy, leading the Liberal Party since 2015."
Theresa May,PrimeMinister,"Theresa May is a British politician who served as Prime Minister of the United Kingdom from 2016 to 2019, known for navigating Brexit negotiations."
Reed Hastings,Leader,"Reed Hastings is an American businessman, best known as the co-founder, chairman, and former CEO of Netflix, a leading streaming entertainment service."
Bruno Mars,MusiciansFromHawaii,"Bruno Mars is a Hawaiian-born singer-songwriter, dancer, and musician known for his stage presence, retro showmanship, and hit songs like ""Uptown Funk"" and ""24K Magic."""
Virat Kohli,Cricketer,"Virat Kohli is an Indian cricketer, widely regarded as one of the best batsmen of all time, and a former captain of the Indian national team."
Jeff Weiner,CEO,"Jeff Weiner is an American businessman, best known as the CEO of LinkedIn from 2009 to 2020, credited with significant growth and expansion of the platform."
Evan Spiegel,CEO,"Evan Spiegel is the CEO of Snap Inc., known for developing the social media platform Snapchat, and is recognized for his influence in the tech industry."
Hubert Joly,CEO,"Hubert Joly is a French-American businessman best known as the former CEO of Best Buy, where he led a successful turnaround of the company."
Mike Pence,VicePresident,Mike Pence is an American politician who served as the 48th Vice President of the United States from 2017 to 2021 under President Donald Trump.
Christopher Nolan,Director,"Christopher Nolan is a British-American filmmaker known for directing critically acclaimed and commercially successful films such as *Inception*, *The Dark Knight* trilogy, and *Oppenheimer*."
Steven Spielberg,Director,"Steven Spielberg is a highly acclaimed American director and producer, known for directing blockbuster films such as *Jaws*, *E.T.*, and *Jurassic Park*, winning multiple Academy Awards."
Quentin Tarantino,Director,"Quentin Tarantino is an American film director, screenwriter, and actor known for his distinctive filmmaking style, including non-linear storylines and stylized violence, in films like Pulp Fiction."
Mohammed bin Rashid Al Maktoum,Royalty,"Mohammed bin Rashid Al Maktoum is the Ruler of Dubai and Vice President of the UAE, known for his role in developing Dubai into a global city."
Salman of Saudi Arabia,Royalty,"Salman of Saudi Arabia is the King of Saudi Arabia, known for his role as custodian of the Two Holy Mosques and his influence in global politics."
Mohammad bin Salman Al Saud,Royalty,"Mohammad bin Salman Al Saud is the Crown Prince of Saudi Arabia, known for his role in Saudi Vision 2030 and his influence on Saudi foreign policy."
Tamim bin Hamad Al Thani,Royalty,"Tamim bin Hamad Al Thani is the Emir of Qatar, known for his role in governing the country and its significant investments in global affairs and sports."
Hamad bin Isa Al Khalifa,Royalty,"Hamad bin Isa Al Khalifa is the King of Bahrain since 2002, known for overseeing political reforms and navigating regional challenges during his reign."
Michael Jackson,MusicalArtist,"Michael Jackson was an American singer, songwriter, and dancer, known as the ""King of Pop,"" achieving global fame for his music, dance moves, and influential contributions to popular culture."
Eminem,MusicalArtist,"Eminem is a highly acclaimed American rapper, songwriter, and record producer known for his influential work in hip hop and significant commercial success."
Rihanna,MusicalArtist,"Rihanna is a Barbadian singer, songwriter, and businesswoman known for her versatile music, fashion influence, and successful entrepreneurial ventures like Fenty Beauty."
Wiz Khalifa,MusicalArtist,"Wiz Khalifa is an American rapper known for hit songs like ""Black and Yellow"" and ""See You Again,"" achieving mainstream success in the hip-hop genre."
Adele,MusicalArtist,"Adele is a British singer-songwriter known for her powerful vocals and soulful ballads, achieving global success with albums like ""21"" and ""25."""
Camila Cabello,MusicalArtist,"Camila Cabello is a Cuban-American singer and songwriter known for her hit songs and albums, as well as her time as a member of Fifth Harmony."
Donald Trump,President,"Donald Trump is an American businessman and politician who served as the 45th President of the United States, known for his real estate ventures and political campaigns."
Barack Obama,President,"Barack Obama was the 44th U.S. President, serving from 2009 to 2017, known for his healthcare reform and being the first African American president."
Vladimir Putin,President,"Vladimir Putin is the current President of Russia, known for his long tenure, strong leadership style, and influence on Russian foreign policy."
Kanye West,MusicalPerformer,"Kanye West is a highly influential American rapper, record producer, and fashion designer known for his innovative music and controversial public persona."
Usain Bolt,Athlete,"Usain Bolt is a retired Jamaican sprinter, widely regarded as the greatest of all time, holding world records in the 100m, 200m, and 4x100m relay."
Gerard PiquC3A9,Athlete,"Gerard Piqué is a Spanish former professional footballer, primarily a center-back, known for his time with FC Barcelona and the Spanish national team, winning numerous titles."
Drake musician,Rapper,"Drake is a Canadian rapper, singer, and actor known for his influential hip-hop albums and chart-topping singles, achieving widespread commercial success."
Imran Khan,OfficeHolder,"Imran Khan is a Pakistani politician and former cricketer who served as the Prime Minister of Pakistan from 2018 to 2022, known for his populist policies."
David Cameron,OfficeHolder,"David Cameron is a British politician who served as the Prime Minister of the United Kingdom from 2010 to 2016, known for initiating the Brexit referendum."
Enrique PeC3B1a Nieto,OfficeHolder,"Enrique PeC3B1a Nieto is a Mexican politician who served as the President of Mexico from 2012 to 2018, known for his economic reforms and anti-corruption efforts."
Narendra Modi,OfficeHolder,"Narendra Modi is the current Prime Minister of India, known for his Hindu nationalist policies and economic reforms since taking office in 2014."
Kylie Jenner,Model,"Kylie Jenner is an American media personality, model, and businesswoman known for her role in ""Keeping Up with the Kardashians"" and her makeup brand, Kylie Cosmetics."
Jack Ma,Founder,"Jack Ma is a Chinese entrepreneur who co-founded Alibaba Group, a multinational technology conglomerate, and is known for his significant contributions to e-commerce."
Jan Koum,Founder,Jan Koum is a Ukrainian-American entrepreneur and computer programmer best known as the co-founder and former CEO of the popular messaging app WhatsApp.
David Karp,Founder,"David Karp is the founder of Tumblr, a microblogging and social networking website, known for its unique blogging format and strong community features."
Lisa Su,Executive,"Lisa Su is the CEO of AMD, a leading semiconductor company, known for her leadership in turning the company around and developing high-performance computing products."
Brian Krzanich,Executive,"Brian Krzanich is an American executive who served as the CEO of Intel, known for his focus on data centers and cloud computing before his resignation."
Brian Chesky,Entrepreneur,"Brian Chesky is an American entrepreneur best known as the co-founder and CEO of Airbnb, a global platform for lodging and travel experiences."
Elon Musk,Businessperson,"Elon Musk is a South African-born American entrepreneur and business magnate, best known as the CEO of Tesla and SpaceX, innovating in electric vehicles and space exploration."
Jeff Bezos,Businessperson,"Jeff Bezos is an American entrepreneur, investor, and the founder of Amazon, known for his role in e-commerce and space exploration through Blue Origin."
Bill Gates,Businessperson,"Bill Gates is an American business magnate, software developer, and philanthropist, best known as the co-founder of Microsoft, the world's largest software company."
Mary Barra,Businessperson,"Mary Barra is the CEO of General Motors, leading the company in the transition to electric vehicles and autonomous driving technologies, based in Detroit."
Louis CK,Comedian,"Louis C.K. is an American stand-up comedian, actor, writer, and director known for his observational humor, dark comedy, and semi-autobiographical FX television series *Louie*."
Charles Darwin,Scientist,"Charles Darwin was a British naturalist and biologist, best known for his groundbreaking theory of evolution by natural selection, published in *On the Origin of Species*."
Albert Einstein,Scientist,"Albert Einstein was a German-born theoretical physicist, renowned for developing the theory of relativity and his contributions to quantum mechanics, winning the Nobel Prize in 1921."
Nikola Tesla,Scientist,Nikola Tesla was a Serbian-American inventor and electrical engineer known for his contributions to the design of the modern alternating current (AC) electrical system.
Drew Houston,Co-founder,"Drew Houston is the co-founder and CEO of Dropbox, a cloud storage company, and is known for his entrepreneurial success in the tech industry."
Leaning Tower of Pisa,Building,"The Leaning Tower of Pisa is a freestanding bell tower in Pisa, Italy, known for its unintended tilt caused by unstable foundations."
White House,Building,"The White House, located in Washington, D.C., is the official residence and principal workplace of the President of the United States."
Burj Al Arab,Building,"The Burj Al Arab is a luxury hotel located in Dubai, United Arab Emirates, known for its distinctive sail-shaped design and opulent amenities."
Karachi,City,"Karachi is a large port city in southern Pakistan, known as the country's financial center and for its diverse culture and coastal location on the Arabian Sea."
Paris,City,"Paris is the capital of France, located on the Seine River, renowned for its art, fashion, cuisine, and iconic landmarks like the Eiffel Tower."
Toronto,City,"Toronto is the capital of Ontario, Canada, known as a major city along Lake Ontario with iconic landmarks like the CN Tower and a diverse cultural scene."
New York City,City,"New York City, located in New York, is a major U.S. city known for its iconic landmarks, diverse culture, financial institutions, and vibrant arts scene."
Dubai,City,"Dubai is a city and emirate in the United Arab Emirates known for luxury shopping, modern architecture, and a vibrant nightlife scene."
Jerusalem,City,"Jerusalem is a city in the Middle East, revered as holy by Judaism, Christianity, and Islam, known for its rich history and religious significance."
Las Vegas,City,"Las Vegas is a city in Nevada, United States, renowned for its casinos, entertainment, shopping, and vibrant nightlife, making it a popular tourist destination."
Tokyo,City,"Tokyo, Japan's capital, is a densely populated metropolis known for its ultramodern architecture, vibrant pop culture, and significant role in global finance and technology."
Islamabad,City,"Islamabad is the capital city of Pakistan, located in the Islamabad Capital Territory, known for its modern infrastructure, scenic beauty, and as a center of government."
Kabul,City,"Kabul is the capital and largest city of Afghanistan, located in the eastern part of the country and known for its historical significance and cultural heritage."
Cairo,City,"Cairo, the capital of Egypt, is a sprawling metropolis on the Nile River, known for its ancient history, including the Giza pyramids and the Egyptian Museum."
Ankara,City,"Ankara is the capital of Turkey, located in the Central Anatolia region, known for its historical sites, government buildings, and as a major commercial center."
Tehran,City,"Tehran is the capital city of Iran, located in the north of the country, and is known as the country's political, economic, and cultural center."
United States,Country,"The United States is a North American country known for its diverse culture, economy, and global influence, with a federal republic government and a large population."
Palestine,Country,"Palestine is a disputed territory in the Middle East, recognized by many countries as a state, encompassing the West Bank and Gaza Strip, and seeking sovereignty."
Canada,Country,"Canada is a North American country known for its vast wilderness, multicultural society, and as the second-largest country by land area."
India,Country,"India is a South Asian country known for its diverse culture, rich history, and status as the world's largest democracy, with a rapidly growing economy."
Pakistan,Country,"Pakistan, located in South Asia, is known for its diverse landscapes, rich cultural heritage, and as the world's fifth-most populous country."
Argentina,Country,"Argentina, a South American country, is known for its tango music, Andes mountains, Patagonia glaciers, and vibrant capital city, Buenos Aires."
United Kingdom,Country,"The United Kingdom, located in Western Europe, is a sovereign country known for its rich history, diverse culture, and influential role in global politics and economics."
England,Country,"England, a country in the United Kingdom, is known for its rich history, cultural landmarks like Stonehenge and Buckingham Palace, and influential role in global affairs."
Saudi Arabia,Country,"Saudi Arabia is a Middle Eastern country located on the Arabian Peninsula, known for its vast oil reserves, Islamic holy sites like Mecca and Medina, and conservative culture."
Afghanistan,Country,"Afghanistan is a landlocked country in South-Central Asia, known for its rugged terrain, historical significance as a crossroads of civilizations, and ongoing conflicts."
Russia,Country,"Russia is a transcontinental country spanning Eastern Europe and Northern Asia, known for its vast size, natural resources, and complex political history."
Brazil,Country,"Brazil is a South American country known for its Amazon rainforest, vibrant culture, and being the largest country in both South America and Latin America."
South Africa,Country,"South Africa, located at the southern tip of Africa, is known for its diverse landscapes, wildlife, and its history of apartheid and transition to democracy."
Syria,Country,"Syria is a country in the Middle East, known for its ancient history, cultural heritage, and unfortunately, the ongoing Syrian Civil War."
Egypt,Country,"Egypt, located in northeastern Africa, is known for its ancient civilization, including the pyramids, pharaohs, and the Nile River."
Taj Mahal,HistoricalPlace,"The Taj Mahal is an ivory-white marble mausoleum located in Agra, India, renowned as a symbol of love and a masterpiece of Mughal architecture."
Statue of Liberty,HistoricalPlace,"The Statue of Liberty, located on Liberty Island in New York Harbor, is a colossal neoclassical sculpture symbolizing freedom and democracy, gifted by France to the United States."
Eiffel Tower,HistoricalPlace,"The Eiffel Tower is a wrought-iron lattice tower on the Champ de Mars in Paris, France, renowned as a global icon and popular tourist destination."
Great Wall of China,ArchitecturalStructure,"The Great Wall of China is a series of fortifications located in northern China, renowned for its immense scale and historical significance as a defensive structure."
Burj Khalifa,ArchitecturalStructure,"The Burj Khalifa is a skyscraper in Dubai, United Arab Emirates, renowned as one of the world's tallest buildings and a major tourist attraction."
Parthenon,ArchitecturalStructure,"The Parthenon is a temple on the Athenian Acropolis in Greece, dedicated to the goddess Athena and renowned for its classical architecture and historical significance."
Sydney Opera House,ArchitecturalStructure,"The Sydney Opera House, located in Sydney, Australia, is a renowned performing arts center known for its distinctive sail-like design and diverse performances."
Capital Gate,ArchitecturalStructure,"Capital Gate is a skyscraper in Abu Dhabi known for its significant lean, housing a hotel and office spaces."
Big Ben,ArchitecturalStructure,"Big Ben, located in London, is the nickname for the Great Bell of the striking clock at the north end of the Palace of Westminster."
Petronas Towers,Skyscraper,"The Petronas Towers are twin skyscrapers in Kuala Lumpur, Malaysia, known for their distinctive design and status as iconic landmarks."
Dome of the Rock,ReligiousBuilding,"The Dome of the Rock, located in Jerusalem, is a significant Islamic shrine known for its golden dome and religious importance to both Muslims and Jews."
Lotus Temple,ReligiousBuilding,"The Lotus Temple, located in Delhi, India, is a Baháʼí House of Worship renowned for its distinctive lotus flower-like shape and open accessibility to all religions."
Kaaba,ReligiousBuilding,"The Kaaba is a cuboid building in Mecca, Saudi Arabia, revered as Islam's most sacred site and the focal point for Muslim pilgrimage (Hajj)."
Sultan Ahmed Mosque,ReligiousBuilding,"The Sultan Ahmed Mosque, located in Istanbul, Turkey, is a historic Ottoman-era mosque famous for its blue Iznik tiles and six minarets."
Piano,Instrument,"The piano is a keyboard instrument with hammers striking strings to produce sound, commonly used in classical, jazz, and popular music."
Snapchat,Software,"Snapchat is a mobile messaging application developed by Snap Inc., allowing users to share photos and videos that disappear after a short period."
Banjo,MusicalInstrument,"The banjo is a stringed instrument with a membrane head, commonly associated with folk, country, and bluegrass music, known for its bright and distinctive sound."
IPhone,CellularTelephone,"The iPhone is a line of smartphones designed and marketed by Apple, known for its touchscreen interface, mobile operating system, and app ecosystem."
Samsung Galaxy Note 7,CellularTelephone,"The Samsung Galaxy Note 7 was a short-lived Android smartphone released in 2016, known for its high-end features and later, its battery fire issues."
New Democratic Party,PoliticalParty,"The New Democratic Party is a social-democratic federal political party in Canada, advocating for progressive policies and social justice."
Conservative Party of Canada,PoliticalParty,"The Conservative Party of Canada is a center-right federal political party advocating for conservative principles, primarily operating in Canada."
Bharatiya Janata Party,PoliticalParty,The Bharatiya Janata Party is a major political party in India advocating Hindu nationalism and conservative policies.
Indian National Congress,PoliticalParty,"The Indian National Congress is a major political party in India, playing a significant role in the Indian independence movement and subsequent governments."
Aam Aadmi Party,PoliticalParty,"Aam Aadmi Party is an Indian political party founded in Delhi, known for its anti-corruption stance and focus on governance reforms in education and healthcare."
Democratic Party United States,PoliticalParty,"The Democratic Party is a major political party in the United States, advocating for social justice and economic equality through government intervention and progressive policies."
Republican Party United States,PoliticalParty,"The Republican Party is a major US political party, advocating for conservative principles and playing a significant role in shaping American policy since the mid-19th century."
Libertarian Party United States,PoliticalParty,"The Libertarian Party is a US political party founded in 1971, advocating for individual liberty, limited government, and free markets."
Pakistan TehreekeInsaf,PoliticalParty,"Pakistan Tehreek-e-Insaf (PTI) is a Pakistani political party founded in 1996, advocating for social justice, anti-corruption, and Islamic nationalism, primarily operating within Pakistan."
Microsoft,Organisation,"Microsoft is a multinational technology corporation headquartered in Redmond, Washington, known for developing, manufacturing, licensing, supporting, and selling computer software, consumer electronics, and related services."
Tesla Motors,Organisation,"Tesla Motors is an American electric vehicle and clean energy company based in California, known for producing electric cars, battery energy storage devices, and solar products."
Twitter,Organisation,"Twitter is a social media company based in San Francisco, California, known for its microblogging platform that allows users to share short messages called ""tweets."""
Oracle Corporation,Organisation,"Oracle Corporation is a multinational computer technology corporation headquartered in Austin, Texas, known for its database software, cloud systems, and enterprise software products."
The Walt Disney Company,Organisation,"The Walt Disney Company is a multinational entertainment and media conglomerate headquartered in Burbank, California, known for its film studio, theme parks, and television networks."
YouTube,Organisation,"YouTube is an American online video-sharing and social media platform launched in 2005, allowing users to upload, view, rate, share, and comment on videos."
EBay,Organisation,"eBay is a multinational e-commerce corporation, based in San Jose, California, facilitating online consumer-to-consumer and business-to-consumer sales."
Intel,Organisation,"Intel is a multinational corporation headquartered in Santa Clara, California, known for designing and manufacturing semiconductor chips and microprocessors for the global technology industry."
Sony,Organisation,"Sony is a Japanese multinational conglomerate corporation known for its electronics, gaming, entertainment, and financial services, headquartered in Tokyo."
LinkedIn,Organisation,"LinkedIn is a professional networking platform based in California, connecting professionals globally for career development, job searching, and business opportunities."
FC Barcelona,SoccerClub,"FC Barcelona is a Spanish soccer club based in Barcelona, known for its iconic blue and garnet colors and multiple La Liga and Champions League titles."
Real Madrid CF,SoccerClub,"Real Madrid CF is a professional soccer club based in Madrid, Spain, renowned for its record 14 UEFA Champions League titles and status as one of the world's most valuable sports teams."
Manchester United FC,SoccerClub,"Manchester United FC, based in Manchester, England, is a professional soccer club renowned for its Premier League titles and global fanbase."
CategoryArsenal FC,SoccerClub,"Arsenal FC is a professional soccer club based in London, England, known for winning numerous Premier League titles and FA Cups."
Cleveland Cavaliers,BasketballTeam,"The Cleveland Cavaliers are a professional basketball team based in Cleveland, Ohio, known for winning the 2016 NBA Championship led by LeBron James."
Los Angeles Lakers,BasketballTeam,"The Los Angeles Lakers are a professional basketball team based in Los Angeles, California, known for their multiple NBA championships and iconic players."
Houston Rockets,BasketballTeam,"The Houston Rockets are a professional basketball team based in Houston, Texas, known for winning two NBA championships in 1994 and 1995."
Miami Heat,BasketballTeam,"The Miami Heat are a professional basketball team based in Miami, Florida, known for winning multiple NBA championships and featuring star players."
Chicago Bulls,BasketballTeam,"The Chicago Bulls are a professional basketball team based in Chicago, Illinois, known for winning six NBA championships in the 1990s led by Michael Jordan."
New Orleans Pelicans,BasketballTeam,"The New Orleans Pelicans are a professional basketball team based in New Orleans, Louisiana, competing in the NBA as a member of the Western Conference."
New York Yankees,BaseballTeam,"The New York Yankees are a professional baseball team based in the Bronx, New York City, renowned for their 27 World Series championships and iconic pinstriped uniforms."
Boston Red Sox,BaseballTeam,"The Boston Red Sox are a professional baseball team based in Boston, Massachusetts, known for their multiple World Series championships and passionate fanbase."
General Electric,Lufkin_Industries,"Lufkin Industries was an industrial manufacturer based in Lufkin, Texas, specializing in oilfield equipment and power transmission products before being acquired by GE."
Linkin Park,Band,"Linkin Park is an American rock band from California, known for their hybrid rock, rap, and electronic sound and commercially successful albums like ""Hybrid Theory."""
Imagine Dragons,Band,"Imagine Dragons is an American pop rock band from Las Vegas, Nevada, known for hits like ""Radioactive"" and their energetic live performances."
Toronto Maple Leafs,HockeyTeam,"The Toronto Maple Leafs are a professional ice hockey team based in Toronto, Canada, known for being part of the ""Original Six"" and winning 13 Stanley Cups."
Montreal Canadiens,HockeyTeam,"The Montreal Canadiens are a professional ice hockey team based in Montreal, Quebec, known for their NHL record of 24 Stanley Cup championships."
Washington Capitals,HockeyTeam,"The Washington Capitals are a professional ice hockey team based in Washington, D.C., known for winning the 2018 Stanley Cup."
Golden State Warriors,HockeyTeam,"The Golden State Warriors are a professional basketball team based in San Francisco, California, known for their multiple NBA championships and star players."
Pittsburgh Penguins,HockeyTeam,"The Pittsburgh Penguins are a professional ice hockey team based in Pittsburgh, Pennsylvania, known for winning multiple Stanley Cups."
One Direction,MusicGroup,"One Direction was a British-Irish pop boy band formed in London in 2010, known for their global success and hit songs like ""What Makes You Beautiful."""
Maroon 5,MusicGroup,"Maroon 5 is an American pop rock band from Los Angeles, known for hits like ""Sugar"" and ""Moves Like Jagger,"" achieving multi-platinum status and numerous awards."
Coldplay,MusicGroup,"Coldplay is a British rock band formed in London known for their melodic anthems and albums like ""Parachutes"" and ""A Rush of Blood to the Head."""
Apple Inc,Public_company,"Apple Inc. is a multinational technology company headquartered in Cupertino, California, known for designing, developing, and selling consumer electronics, software, and online services."
General Motors,Public_company,"General Motors is a multinational corporation headquartered in Detroit, Michigan, known for designing, manufacturing, marketing, and distributing vehicles and vehicle parts worldwide."
India national cricket team,CricketTeam,"The India national cricket team, representing India in international cricket, won the Cricket World Cup in 1983 and 2011 and is governed by the BCCI."
Pakistan national cricket team,CricketTeam,"The Pakistan national cricket team, based in Pakistan, is known for winning the Cricket World Cup in 1992 and consistently producing world-class cricketers."
England cricket team,CricketTeam,"The England cricket team represents England and Wales in international cricket, known for winning the Cricket World Cup in 2019 and playing home matches at Lord's."
Australia national cricket team,CricketTeam,"The Australia national cricket team, representing Australia in international cricket, is known for its aggressive play and numerous World Cup titles."
South Africa national cricket team,CricketTeam,"The South Africa national cricket team, nicknamed the Proteas, represents South Africa in international cricket and is governed by Cricket South Africa."
Uber company,Company,"Uber is a transportation network company headquartered in San Francisco, California, known for its ride-hailing services and delivery platforms worldwide."
Walmart,Company,"Walmart is a multinational retail corporation based in the United States, operating a chain of hypermarkets, discount department stores, and grocery stores."
CategoryBerkshire Hathaway,Company,"Berkshire Hathaway is a multinational conglomerate holding company headquartered in Omaha, Nebraska, known for its diverse investments across various industries, including insurance and energy."
ATT Corporation,Company,"ATT Corporation, formerly AT&T, is a telecommunications conglomerate providing mobile, internet, and television services, headquartered in Dallas, Texas."
Amazon company,Company,"Amazon is a multinational technology company based in Seattle, known for e-commerce, cloud computing, digital streaming, and artificial intelligence."
Google,Company,"Google is a multinational technology company headquartered in California, known for its search engine, online advertising technologies, and cloud computing services."
IBM,Company,"IBM is a multinational technology corporation headquartered in Armonk, New York, known for manufacturing computer hardware, software, and providing IT consulting services."
American Red Cross,Charity,"The American Red Cross is a humanitarian organization headquartered in Washington, D.C., providing disaster relief, blood donation services, and emergency assistance across the United States."
Hajj,ReligiousEvent,"The Hajj is an annual Islamic pilgrimage to Mecca, Saudi Arabia, where millions of Muslims perform religious rituals as one of the five pillars of Islam."
Christmas,Festival,"Christmas is a Christian holiday celebrated annually on December 25th, commemorating the birth of Jesus Christ with traditions like gift-giving and festive decorations."
FIFA World Cup,SoccerTournament,"The FIFA World Cup is an international soccer tournament held every four years, featuring national teams competing for the world championship title."
Hanukkah,Event,"Hanukkah is an eight-day Jewish festival, typically in December, celebrating the rededication of the Second Temple in Jerusalem and the miracle of the oil."
Pride parade,Event,"Pride parades are LGBTQ+ celebrations held annually in various cities, featuring marches, performances, and community events to promote visibility and equality."
Winter Olympic Games,SportsEvent,"The Winter Olympic Games are a multi-sport event held every four years, featuring winter sports competitions and representing various nations worldwide."
goldenGlobeAward,Awards,"The Golden Globe Awards are annual accolades presented by the Hollywood Foreign Press Association recognizing excellence in film and television, both domestic and foreign."
Holi,SocietalEvent,"Holi is a vibrant Hindu festival celebrated in India and worldwide, typically in March, known for colorful powder throwing and symbolizing the victory of good over evil."
La Tomatina,SocietalEvent,"La Tomatina is a tomato fight festival held annually on the last Wednesday of August in Buñol, Spain, where participants throw tomatoes at each other."
